,Accuracy,AUC-ROC,Cost Reduction
0,0.67225,0.67225,5645700
1,0.652,0.6519999999999999,5125500
